City_ID,City,Lat,Lng,Max Temp,Humidity,Cloudiness,Wind Speed,Description,Country,Date
0,Chuy,-33.6971,-53.4616,78.76,53,73,12.86,broken clouds,UY,2022-01-30 18:37:09
1,Iquique,-20.2208,-70.1431,70.03,67,1,3.83,clear sky,CL,2022-01-30 18:37:10
2,Bontang,0.1333,117.5,78.13,85,100,5.17,overcast clouds,ID,2022-01-30 18:37:10
3,Tuatapere,-46.1333,167.6833,58.82,92,10,2.19,clear sky,NZ,2022-01-30 18:37:11
4,Qaanaaq,77.484,-69.3632,-6.21,67,100,9.66,overcast clouds,GL,2022-01-30 18:37:11
5,Galesong,-5.3166,119.3661,77.02,77,100,7.09,light rain,ID,2022-01-30 18:37:11
6,Hermanus,-34.4187,19.2345,71.8,77,100,15.35,overcast clouds,ZA,2022-01-30 18:37:11
7,Anadyr,64.75,177.4833,-19.52,82,75,2.24,mist,RU,2022-01-30 18:37:12
8,Lavrentiya,65.5833,-171.0,-5.12,89,3,5.1,clear sky,RU,2022-01-30 18:37:12
9,Taseyevo,57.2169,94.8978,-6.05,100,99,1.43,overcast clouds,RU,2022-01-30 18:37:12
10,Lesnoye,58.2841,35.5158,22.62,95,100,9.78,light snow,RU,2022-01-30 18:37:13
11,Mataura,-46.1927,168.8643,58.48,96,41,1.14,scattered clouds,NZ,2022-01-30 18:37:13
12,Vila Franca Do Campo,37.7167,-25.4333,59.2,79,71,15.1,broken clouds,PT,2022-01-30 18:37:13
13,Touros,-5.1989,-35.4608,86.9,68,93,14.72,overcast clouds,BR,2022-01-30 18:37:14
14,Jamestown,42.097,-79.2353,20.71,51,75,4.0,broken clouds,US,2022-01-30 18:32:32
15,Yellowknife,62.456,-114.3525,-12.48,77,100,9.22,light snow,CA,2022-01-30 18:37:14
16,Bredasdorp,-34.5322,20.0403,71.28,83,100,12.66,overcast clouds,ZA,2022-01-30 18:37:15
17,Ushuaia,-54.8,-68.3,46.06,76,75,23.02,light intensity drizzle,AR,2022-01-30 18:37:15
18,Esperance,-33.8667,121.9,67.84,66,74,9.17,broken clouds,AU,2022-01-30 18:37:15
19,Cape Town,-33.9258,18.4232,71.11,79,0,4.0,clear sky,ZA,2022-01-30 18:36:03
20,Castro,-24.7911,-50.0119,63.95,98,100,5.23,overcast clouds,BR,2022-01-30 18:37:16
21,Vaini,-21.2,-175.2,80.64,75,100,10.92,overcast clouds,TO,2022-01-30 18:37:16
22,Albany,42.6001,-73.9662,22.15,37,59,3.0,broken clouds,US,2022-01-30 18:32:31
23,Puerto Ayora,-0.7393,-90.3518,84.16,70,100,8.79,overcast clouds,EC,2022-01-30 18:37:16
24,Tabou,4.423,-7.3528,80.78,82,77,7.65,broken clouds,CI,2022-01-30 18:32:44
25,Moroni,-11.7022,43.2551,82.4,69,40,4.61,scattered clouds,KM,2022-01-30 18:37:17
26,Vao,-22.6667,167.4833,78.96,87,100,9.37,overcast clouds,NC,2022-01-30 18:37:17
27,Osoyoos,49.0331,-119.4524,30.96,78,98,8.05,overcast clouds,CA,2022-01-30 18:32:52
28,Kapaa,22.0752,-159.319,75.47,70,20,1.01,few clouds,US,2022-01-30 18:37:17
29,Arica,-18.475,-70.3042,83.75,68,25,9.33,scattered clouds,CL,2022-01-30 18:37:18
30,Yuanping,38.7153,112.7575,20.07,35,0,14.81,clear sky,CN,2022-01-30 18:37:18
31,Katsuura,35.1333,140.3,40.19,60,100,12.17,overcast clouds,JP,2022-01-30 18:37:18
32,Saint-Philippe,-21.3585,55.7679,80.19,81,33,10.98,scattered clouds,RE,2022-01-30 18:37:19
33,Fort Nelson,58.8053,-122.7002,-0.81,78,100,5.75,light snow,CA,2022-01-30 18:37:19
34,Tirukkoyilur,11.95,79.2,71.42,91,31,4.23,scattered clouds,IN,2022-01-30 18:37:19
35,Carnarvon,-24.8667,113.6333,80.67,78,77,18.41,broken clouds,AU,2022-01-30 18:37:20
36,Dingle,10.9995,122.6711,74.95,93,54,3.09,broken clouds,PH,2022-01-30 18:37:20
37,Rikitea,-23.1203,-134.9692,76.12,62,99,4.54,overcast clouds,PF,2022-01-30 18:37:21
38,Birao,10.2849,22.7882,72.91,16,54,5.88,broken clouds,CF,2022-01-30 18:37:21
39,Tangi,34.3006,71.6536,50.0,39,16,4.18,few clouds,PK,2022-01-30 18:37:21
40,Washougal,45.5826,-122.3534,51.93,66,100,13.8,overcast clouds,US,2022-01-30 18:37:21
41,Carlsbad,33.1581,-117.3506,70.97,35,0,1.99,clear sky,US,2022-01-30 18:32:52
42,Makokou,0.5738,12.8642,77.45,55,100,1.34,overcast clouds,GA,2022-01-30 18:37:22
43,Tasiilaq,65.6145,-37.6368,8.76,35,88,28.77,overcast clouds,GL,2022-01-30 18:37:22
44,Pevek,69.7008,170.3133,-11.42,95,100,3.67,overcast clouds,RU,2022-01-30 18:37:22
45,Paramonga,-10.6667,-77.8333,74.07,75,100,11.21,overcast clouds,PE,2022-01-30 18:38:23
46,Sobolevo,54.4299,31.8996,31.15,97,99,9.51,overcast clouds,RU,2022-01-30 18:34:03
47,Cidreira,-30.1811,-50.2056,76.55,60,0,16.75,clear sky,BR,2022-01-30 18:38:23
48,Nome,64.5011,-165.4064,-6.9,70,0,0.0,clear sky,US,2022-01-30 18:36:56
49,Cabo San Lucas,22.8909,-109.9124,80.51,65,20,6.91,few clouds,MX,2022-01-30 18:35:18
50,Machilipatnam,16.1667,81.1333,70.52,84,1,2.44,clear sky,IN,2022-01-30 18:38:23
51,Saskylakh,71.9167,114.0833,-20.51,100,100,2.82,overcast clouds,RU,2022-01-30 18:38:24
52,Tamiahua,21.2667,-97.45,68.65,64,8,8.55,clear sky,MX,2022-01-30 18:38:24
53,Tuktoyaktuk,69.4541,-133.0374,-2.2,78,100,19.57,light snow,CA,2022-01-30 18:38:24
54,Port Elizabeth,-33.918,25.5701,75.09,87,100,15.57,overcast clouds,ZA,2022-01-30 18:38:25
55,Faanui,-16.4833,-151.75,80.13,72,44,7.36,scattered clouds,PF,2022-01-30 18:38:25
56,Barrow,71.2906,-156.7887,-11.18,77,40,10.36,scattered clouds,US,2022-01-30 18:38:25
57,Sexsmith,55.35,-118.786,20.55,93,75,2.3,broken clouds,CA,2022-01-30 18:38:26
58,Hamilton,39.1834,-84.5333,39.88,55,0,1.01,clear sky,US,2022-01-30 18:36:01
59,Sitka,57.0531,-135.33,37.29,70,100,10.36,overcast clouds,US,2022-01-30 18:38:27
60,Hilo,19.7297,-155.09,75.61,72,40,6.91,scattered clouds,US,2022-01-30 18:36:24
61,Labuhan,-6.8844,112.2051,77.74,88,100,6.73,light rain,ID,2022-01-30 18:38:27
62,Arraial Do Cabo,-22.9661,-42.0278,89.56,58,40,8.05,scattered clouds,BR,2022-01-30 18:38:27
63,Ribeira Grande,38.5167,-28.7,57.6,77,40,12.66,scattered clouds,PT,2022-01-30 18:38:28
64,Geraldton,-28.7667,114.6,72.01,88,100,18.41,moderate rain,AU,2022-01-30 18:38:28
65,Molo,-0.2479,35.7374,53.8,67,27,1.61,scattered clouds,KE,2022-01-30 18:38:28
66,New Norfolk,-42.7826,147.0587,56.71,74,4,2.08,clear sky,AU,2022-01-30 18:38:15
67,Effingham,32.3669,-81.3332,55.58,25,0,12.1,clear sky,US,2022-01-30 18:38:29
68,Xilitla,21.3333,-98.9667,69.96,50,0,6.91,clear sky,MX,2022-01-30 18:38:29
69,Mazyr,52.0495,29.2456,31.66,96,100,10.45,overcast clouds,BY,2022-01-30 18:38:30
70,Hualmay,-11.0964,-77.6139,75.15,71,100,11.23,overcast clouds,PE,2022-01-30 18:38:30
71,Portland,45.5234,-122.6762,49.37,73,75,8.01,broken clouds,US,2022-01-30 18:37:55
72,Gornopravdinsk,60.05,69.9,0.0,99,100,3.8,overcast clouds,RU,2022-01-30 18:38:30
73,Itarantim,-15.6597,-40.0656,86.92,55,100,7.16,overcast clouds,BR,2022-01-30 18:38:31
74,Kharagauli,42.0214,43.1977,34.16,80,100,4.9,overcast clouds,GE,2022-01-30 18:38:31
75,Bethel,41.3712,-73.414,25.54,47,0,1.99,clear sky,US,2022-01-30 18:38:31
76,Hovin,63.1055,10.225,30.96,97,100,4.27,light snow,NO,2022-01-30 18:38:32
77,Manoel Urbano,-8.8389,-69.2597,84.49,66,100,3.78,overcast clouds,BR,2022-01-30 18:38:32
78,Upernavik,72.7868,-56.1549,-3.62,70,100,9.26,overcast clouds,GL,2022-01-30 18:38:32
79,Santa Rosa,14.3122,121.1114,79.09,83,49,11.25,scattered clouds,PH,2022-01-30 18:38:32
80,Bogandinskiy,56.8937,65.8938,3.47,96,100,2.73,overcast clouds,RU,2022-01-30 18:38:33
81,Fonte Boa,-2.4959,-66.2662,86.38,62,100,3.11,overcast clouds,BR,2022-01-30 18:38:33
82,Chokurdakh,70.6333,147.9167,-29.9,88,18,1.81,few clouds,RU,2022-01-30 18:38:33
83,Diego De Almagro,-26.3667,-70.05,79.36,22,0,15.73,clear sky,CL,2022-01-30 18:38:34
84,Peniche,39.3558,-9.3811,59.56,59,15,6.42,few clouds,PT,2022-01-30 18:38:34
85,Kadnikov,59.5022,40.338,14.22,94,100,8.32,overcast clouds,RU,2022-01-30 18:38:35
86,Haines Junction,60.7522,-137.5108,8.55,66,97,10.36,overcast clouds,CA,2022-01-30 18:38:35
87,Beira,-19.8436,34.8389,77.09,83,20,8.05,few clouds,MZ,2022-01-30 18:38:35
88,Gat,31.61,34.7642,53.4,100,0,3.33,clear sky,IL,2022-01-30 18:38:36
89,Hofn,64.2539,-15.2082,26.69,50,0,25.61,clear sky,IS,2022-01-30 18:38:36
90,Punta Arenas,-53.15,-70.9167,53.71,43,75,28.77,broken clouds,CL,2022-01-30 18:39:36
91,Chinsali,-10.5414,32.0816,62.28,95,100,2.75,overcast clouds,ZM,2022-01-30 18:39:37
92,Khatanga,71.9667,102.5,-7.17,98,100,9.91,overcast clouds,RU,2022-01-30 18:39:37
93,Port Alfred,-33.5906,26.891,74.95,86,100,21.43,overcast clouds,ZA,2022-01-30 18:39:21
94,East London,-33.0153,27.9116,74.34,88,20,13.8,few clouds,ZA,2022-01-30 18:39:37
95,Seoul,37.5683,126.9778,20.64,71,0,1.14,clear sky,KR,2022-01-30 18:35:53
96,Keelung,25.1283,121.7419,57.09,76,100,12.41,overcast clouds,TW,2022-01-30 18:39:38
97,Busselton,-33.65,115.3333,64.09,70,84,19.51,broken clouds,AU,2022-01-30 18:39:38
98,Avarua,-21.2078,-159.775,78.85,89,75,9.22,moderate rain,CK,2022-01-30 18:35:06
99,Male,4.1748,73.5089,82.35,78,40,9.22,scattered clouds,MV,2022-01-30 18:39:38
100,Yar-Sale,66.8333,70.8333,-0.54,95,100,7.54,overcast clouds,RU,2022-01-30 18:39:38
101,Fortuna,40.5982,-124.1573,51.66,94,100,9.22,overcast clouds,US,2022-01-30 18:39:29
102,Monroe,43.1501,-77.6831,24.58,52,91,4.0,light snow,US,2022-01-30 18:39:39
103,Sohag,26.557,31.6948,57.49,41,72,6.6,broken clouds,EG,2022-01-30 18:38:05
104,Valparaiso,-33.0393,-71.6273,69.44,67,20,12.66,few clouds,CL,2022-01-30 18:39:39
105,Ust-Kut,56.7938,105.7672,1.6,99,100,2.17,overcast clouds,RU,2022-01-30 18:39:39
106,Asau,46.4333,26.4,39.4,67,97,20.45,overcast clouds,RO,2022-01-30 18:39:40
107,Saint-Pierre,-21.3393,55.4781,80.28,78,5,16.11,clear sky,RE,2022-01-30 18:39:40
108,Parry Sound,45.3501,-80.033,20.21,63,100,3.15,overcast clouds,CA,2022-01-30 18:36:29
109,Dikson,73.5069,80.5464,-2.52,93,100,21.36,overcast clouds,RU,2022-01-30 18:39:40
110,Lithakia,37.7167,20.8333,48.58,81,0,5.75,clear sky,GR,2022-01-30 18:39:41
111,Henties Bay,-22.116,14.2845,66.85,80,100,4.94,overcast clouds,NA,2022-01-30 18:39:41
112,Ukiah,39.1502,-123.2078,61.38,44,9,2.86,clear sky,US,2022-01-30 18:39:41
113,Nipawin,53.3668,-104.0009,17.64,93,100,10.36,overcast clouds,CA,2022-01-30 18:39:41
114,Kerema,-7.9631,145.7785,75.58,86,100,1.59,light rain,PG,2022-01-30 18:39:42
115,Salalah,17.0151,54.0924,75.29,69,0,3.44,clear sky,OM,2022-01-30 18:39:42
116,Bluff,-46.6,168.3333,58.8,91,100,3.91,overcast clouds,NZ,2022-01-30 18:39:30
117,Fraserburgh,57.6874,-2.0184,40.08,82,100,28.92,overcast clouds,GB,2022-01-30 18:39:42
118,Lorengau,-2.0226,147.2712,79.14,83,100,10.09,overcast clouds,PG,2022-01-30 18:39:43
119,Huanan,46.2167,130.5167,-12.03,99,87,2.48,overcast clouds,CN,2022-01-30 18:39:43
120,Puerto Suarez,-18.95,-57.8,90.16,62,75,5.75,broken clouds,BO,2022-01-30 18:39:43
121,Mar Del Plata,-38.0023,-57.5575,86.02,56,40,20.0,light rain,AR,2022-01-30 18:39:43
122,Hoquiam,46.9809,-123.8893,48.18,93,100,18.41,mist,US,2022-01-30 18:35:05
123,Dutlwe,-23.9833,23.9,70.88,74,100,9.89,overcast clouds,BW,2022-01-30 18:39:44
124,Corrente,-3.7367,-43.3394,77.36,80,98,3.2,overcast clouds,BR,2022-01-30 18:39:44
125,Gasa,31.5,34.4667,53.91,65,0,4.25,clear sky,PS,2022-01-30 18:36:55
126,Pali,25.7667,73.3333,62.62,42,0,7.9,clear sky,IN,2022-01-30 18:39:44
127,Port Lincoln,-34.7333,135.8667,65.89,85,2,9.64,clear sky,AU,2022-01-30 18:36:11
128,Hithadhoo,-0.6,73.0833,81.7,70,100,8.39,overcast clouds,MV,2022-01-30 18:39:45
129,Cockburn Town,21.4612,-71.1419,75.16,69,75,13.8,broken clouds,TC,2022-01-30 18:39:45
130,Grand Gaube,-20.0064,57.6608,81.0,75,100,1.01,overcast clouds,MU,2022-01-30 18:39:45
131,Saint George,37.1041,-113.5841,55.35,26,0,3.0,clear sky,US,2022-01-30 18:37:53
132,Quelimane,-17.8786,36.8883,80.55,78,20,8.05,few clouds,MZ,2022-01-30 18:39:46
133,Holoby,51.0865,25.0077,34.05,96,100,25.21,light snow,UA,2022-01-30 18:39:46
134,Duluth,46.7833,-92.1066,22.41,68,75,5.01,broken clouds,US,2022-01-30 18:38:07
135,Aromashevo,56.8602,68.6375,3.85,96,100,5.55,overcast clouds,RU,2022-01-30 18:39:46
136,Madison Heights,42.4859,-83.1052,26.83,63,100,1.01,overcast clouds,US,2022-01-30 18:35:25
137,Liberal,37.0431,-100.921,52.16,25,0,3.44,clear sky,US,2022-01-30 18:38:34
138,Miechow,50.3565,20.0279,38.84,93,100,27.18,overcast clouds,PL,2022-01-30 18:40:47
139,Duzce,40.8389,31.1639,35.83,91,100,5.19,overcast clouds,TR,2022-01-30 18:40:47
140,Kucura,45.5195,19.5838,45.23,57,6,14.16,clear sky,RS,2022-01-30 18:40:47
141,Kingman,35.1894,-114.053,59.13,14,0,5.01,clear sky,US,2022-01-30 18:40:48
142,Gua Musang,4.8823,101.9644,71.22,90,19,0.98,few clouds,MY,2022-01-30 18:40:48
143,Baraki Barak,33.9675,68.9486,15.3,79,0,3.15,clear sky,AF,2022-01-30 18:40:48
144,Brae,60.3964,-1.353,39.11,83,100,18.32,overcast clouds,GB,2022-01-30 18:39:06
145,Bengkulu,-3.8004,102.2655,75.79,92,100,4.09,light rain,ID,2022-01-30 18:40:48
146,Nefteyugansk,61.0998,72.6035,3.45,96,100,7.7,overcast clouds,RU,2022-01-30 18:40:49
147,Igarka,67.4667,86.5833,-2.56,97,98,10.42,overcast clouds,RU,2022-01-30 18:40:49
148,Todos Santos,23.45,-110.2167,80.01,57,68,10.67,broken clouds,MX,2022-01-30 18:40:49
149,Maragogi,-9.0122,-35.2225,82.47,72,100,8.61,overcast clouds,BR,2022-01-30 18:40:50
150,Belmonte,-15.8631,-38.8828,88.3,64,42,12.06,scattered clouds,BR,2022-01-30 18:40:50
151,Tucuma,-0.1833,-50.05,78.84,89,90,6.26,light rain,BR,2022-01-30 18:40:50
152,Burns Lake,54.2331,-125.7533,20.62,94,84,3.06,broken clouds,CA,2022-01-30 18:40:51
153,Bambous Virieux,-20.3428,57.7575,80.85,83,75,8.05,light rain,MU,2022-01-30 18:40:51
154,Nikolskoye,59.7035,30.7861,30.7,96,100,7.31,snow,RU,2022-01-30 18:38:10
155,Gizo,-8.103,156.8419,81.66,78,100,7.85,moderate rain,SB,2022-01-30 18:40:51
156,Caucaia,-3.7361,-38.6531,87.75,74,20,19.57,few clouds,BR,2022-01-30 18:40:51
157,Kavaratti,10.5669,72.642,81.3,72,24,11.01,few clouds,IN,2022-01-30 18:40:52
158,Macherla,16.4833,79.4333,69.13,35,2,0.4,clear sky,IN,2022-01-30 18:40:52
159,Itoman,26.1247,127.6694,59.02,63,75,25.32,broken clouds,JP,2022-01-30 18:40:52
160,Atuona,-9.8,-139.0333,77.81,77,26,14.65,light rain,PF,2022-01-30 18:38:04
161,Hobart,-42.8794,147.3294,57.06,94,75,1.01,broken clouds,AU,2022-01-30 18:40:53
162,Sao Miguel Do Araguaia,-13.275,-50.1628,75.38,88,100,5.41,light rain,BR,2022-01-30 18:40:53
163,Naryan-Mar,67.6713,53.087,11.71,92,100,13.69,overcast clouds,RU,2022-01-30 18:40:53
164,Rocha,-34.4833,-54.3333,83.05,43,0,9.1,clear sky,UY,2022-01-30 18:40:53
165,Dombarovskiy,50.7587,59.5386,25.74,91,100,16.78,overcast clouds,RU,2022-01-30 18:40:54
166,Benghazi,32.1167,20.0667,56.14,65,39,22.97,scattered clouds,LY,2022-01-30 18:37:18
167,Cheremukhovo,60.3484,59.9851,-3.98,100,98,1.36,overcast clouds,RU,2022-01-30 18:40:54
168,Korla,41.7597,86.1469,23.27,59,100,2.46,overcast clouds,CN,2022-01-30 18:39:12
169,Kodiak,57.79,-152.4072,24.31,68,20,13.8,few clouds,US,2022-01-30 18:40:54
170,Butaritari,3.0707,172.7902,81.64,77,77,21.81,light rain,KI,2022-01-30 18:38:06
171,Gazanjyk,39.2446,55.5154,43.45,64,70,9.66,broken clouds,TM,2022-01-30 18:40:55
172,Wasilla,61.5814,-149.4394,24.8,83,20,3.44,few clouds,US,2022-01-30 18:39:56
173,Constantine,36.365,6.6147,45.81,57,0,6.91,clear sky,DZ,2022-01-30 18:40:55
174,Clyde River,70.4692,-68.5914,-16.37,69,75,2.3,snow,CA,2022-01-30 18:40:55
175,Medicine Hat,50.0501,-110.6683,44.31,53,100,1.99,overcast clouds,CA,2022-01-30 18:40:55
176,Wajima,37.4,136.9,34.77,55,100,9.89,overcast clouds,JP,2022-01-30 18:40:56
177,Monrovia,6.3005,-10.7969,83.97,81,8,10.4,clear sky,LR,2022-01-30 18:40:56
178,Bilibino,68.0546,166.4372,-10.46,93,99,4.83,overcast clouds,RU,2022-01-30 18:40:56
179,Mujiayingzi,42.1167,118.7833,18.45,66,100,1.54,overcast clouds,CN,2022-01-30 18:40:56
180,Kushmurun,52.4503,64.6311,8.01,96,32,9.86,scattered clouds,KZ,2022-01-30 18:40:57
181,Ponta Do Sol,32.6667,-17.1,66.13,40,1,8.46,clear sky,PT,2022-01-30 18:40:57
182,Pangnirtung,66.1451,-65.7125,-16.6,63,75,4.61,broken clouds,CA,2022-01-30 18:40:57
183,Borogontsy,62.6683,131.1683,-36.18,100,73,0.92,broken clouds,RU,2022-01-30 18:40:57
184,Kachug,53.9606,105.8817,-20.29,100,100,0.43,overcast clouds,RU,2022-01-30 18:40:58
185,Opuwo,-18.0607,13.84,70.75,44,80,14.12,broken clouds,NA,2022-01-30 18:40:58
186,Cumpas,29.9833,-109.7833,66.94,22,1,7.23,clear sky,MX,2022-01-30 18:41:58
187,Shubarkuduk,49.1447,56.4872,25.65,95,100,16.22,light snow,KZ,2022-01-30 18:41:59
188,Riyadh,24.6877,46.7219,60.94,38,0,13.76,clear sky,SA,2022-01-30 18:38:05
189,Sapele,5.8941,5.6767,81.01,29,99,4.88,overcast clouds,NG,2022-01-30 18:41:59
190,Boda,4.3189,17.4695,79.25,18,100,4.63,overcast clouds,CF,2022-01-30 18:41:59
191,Torbay,47.6666,-52.7314,47.17,84,100,28.77,overcast clouds,CA,2022-01-30 18:42:00
192,Singleton,-32.5667,151.1833,71.49,96,98,0.47,overcast clouds,AU,2022-01-30 18:42:00
193,Ulenje,-8.9333,33.6833,57.34,95,100,4.65,overcast clouds,TZ,2022-01-30 18:42:00
194,Leningradskiy,69.3833,178.4167,-9.45,93,100,0.69,overcast clouds,RU,2022-01-30 18:42:00
195,Stornoway,58.2093,-6.3865,40.96,92,75,27.0,heavy intensity rain,GB,2022-01-30 18:42:01
196,Yurimaguas,-5.9,-76.0833,87.96,66,40,6.91,scattered clouds,PE,2022-01-30 18:42:01
197,Zeya,53.75,127.2667,-6.27,90,38,3.96,scattered clouds,RU,2022-01-30 18:42:01
198,Kaitangata,-46.2817,169.8464,55.63,93,24,2.89,few clouds,NZ,2022-01-30 18:42:02
199,Berlevag,70.8578,29.0864,30.2,71,100,22.73,light snow,NO,2022-01-30 18:42:02
200,Samarkand,39.6542,66.9597,31.42,93,100,16.11,mist,UZ,2022-01-30 18:42:02
201,Toamasina,-18.1667,49.3833,77.0,83,40,3.44,scattered clouds,MG,2022-01-30 18:42:02
202,Marienburg,54.0359,19.0266,41.95,68,100,25.77,overcast clouds,PL,2022-01-30 18:42:03
203,Luderitz,-26.6481,15.1594,67.96,81,87,10.33,overcast clouds,NA,2022-01-30 18:42:03
204,Coos Bay,43.3665,-124.2179,50.14,100,100,9.22,overcast clouds,US,2022-01-30 18:42:03
205,Risor,58.7206,9.2342,32.29,67,100,5.97,overcast clouds,NO,2022-01-30 18:42:04
206,Praia,14.9215,-23.5087,70.34,68,100,31.07,overcast clouds,CV,2022-01-30 18:42:04
207,Zyryanka,65.75,150.85,-17.32,97,100,11.18,overcast clouds,RU,2022-01-30 18:42:04
208,Nouadhibou,20.931,-17.0347,67.98,68,100,14.97,overcast clouds,MR,2022-01-30 18:42:04
209,Mahajanga,-15.7167,46.3167,82.42,83,20,9.22,few clouds,MG,2022-01-30 18:42:05
210,Zhigansk,66.7697,123.3711,-32.82,100,99,1.66,overcast clouds,RU,2022-01-30 18:42:05
211,Ha Tinh,18.3333,105.9,63.34,91,100,6.42,light rain,VN,2022-01-30 18:42:05
212,Moose Factory,51.2585,-80.6094,-0.4,71,0,12.66,clear sky,CA,2022-01-30 18:42:05
213,San Buenaventura,27.0833,-101.5333,64.47,31,0,2.24,clear sky,MX,2022-01-30 18:42:06
214,Trelew,-43.249,-65.3051,64.58,29,44,17.2,scattered clouds,AR,2022-01-30 18:41:34
215,Banyo,6.75,11.8167,70.16,23,14,4.23,few clouds,CM,2022-01-30 18:42:06
216,Ladario,-19.0047,-57.6017,89.89,62,75,5.75,broken clouds,BR,2022-01-30 18:42:06
217,Kruisfontein,-34.0033,24.7314,72.88,87,100,12.28,overcast clouds,ZA,2022-01-30 18:42:06
218,Richards Bay,-28.783,32.0377,71.82,83,100,6.02,overcast clouds,ZA,2022-01-30 18:38:38
219,Cherskiy,68.75,161.3,-24.81,98,100,4.03,overcast clouds,RU,2022-01-30 18:42:07
220,Filadelfia,39.9523,-75.1638,27.55,41,20,5.99,snow,US,2022-01-30 18:42:07
221,Severo-Kurilsk,50.6789,156.125,26.35,92,100,13.94,light snow,RU,2022-01-30 18:40:41
222,Leshukonskoye,64.8989,45.7622,10.17,95,100,6.51,overcast clouds,RU,2022-01-30 18:42:07
223,Serenje,-13.2325,30.2352,60.53,98,100,2.46,overcast clouds,ZM,2022-01-30 18:42:08
224,Lumeje,-11.55,20.7833,67.1,82,98,5.32,overcast clouds,AO,2022-01-30 18:42:08
225,Hobyo,5.3505,48.5268,77.23,76,93,17.02,overcast clouds,SO,2022-01-30 18:39:29
226,Broome,42.2506,-75.833,21.88,62,100,3.0,overcast clouds,US,2022-01-30 18:42:08
227,Prince Rupert,54.3161,-130.3201,38.89,93,100,6.91,overcast clouds,CA,2022-01-30 18:42:09
228,Chaman,30.9236,66.4512,49.64,52,87,3.0,overcast clouds,PK,2022-01-30 18:42:09
229,Harper,4.375,-7.7169,80.6,82,58,7.61,broken clouds,LR,2022-01-30 18:42:09
230,Yaan,7.3833,8.5667,83.48,12,100,6.33,overcast clouds,NG,2022-01-30 18:42:10
231,Chino Valley,34.7575,-112.4538,56.43,40,40,4.0,scattered clouds,US,2022-01-30 18:42:10
232,Mackenzie,55.2999,-123.1698,34.02,86,100,13.8,overcast clouds,CA,2022-01-30 18:43:10
233,Tapejara,-28.0681,-52.0139,72.52,78,74,5.08,broken clouds,BR,2022-01-30 18:43:11
234,Coffs Harbour,-30.3,153.1333,72.14,96,100,6.91,overcast clouds,AU,2022-01-30 18:43:11
235,Mackay,-21.15,149.2,78.78,89,100,11.5,overcast clouds,AU,2022-01-30 18:43:11
236,Georgetown,5.4112,100.3354,82.89,90,20,0.0,few clouds,MY,2022-01-30 18:43:11
237,Victoria,22.2855,114.1577,59.32,75,83,1.99,broken clouds,HK,2022-01-30 18:42:08
238,Tongliao,43.6125,122.2653,-7.31,100,39,1.25,scattered clouds,CN,2022-01-30 18:43:12
239,Ostrovnoy,68.0531,39.5131,2.25,98,99,7.85,overcast clouds,RU,2022-01-30 18:43:12
240,Lucea,18.451,-78.1736,73.26,76,100,17.65,overcast clouds,JM,2022-01-30 18:43:12
241,Eyl,7.9803,49.8164,75.33,75,100,15.93,overcast clouds,SO,2022-01-30 18:43:13
242,Eirunepe,-6.6603,-69.8736,91.9,42,70,5.35,broken clouds,BR,2022-01-30 18:43:13
243,Norman Wells,65.282,-126.8329,-32.76,68,40,2.3,scattered clouds,CA,2022-01-30 18:41:52
244,Provideniya,64.3833,-173.3,4.6,81,1,7.67,clear sky,RU,2022-01-30 18:43:13
245,Mount Isa,-20.7333,139.5,74.97,100,100,6.91,overcast clouds,AU,2022-01-30 18:43:14
246,Neuquen,-38.9516,-68.0591,80.49,18,0,12.66,clear sky,AR,2022-01-30 18:43:14
247,Dukat,62.55,155.55,-18.02,100,46,5.37,scattered clouds,RU,2022-01-30 18:43:14
248,Jabinyanah,35.035,10.9081,53.4,49,0,10.33,clear sky,TN,2022-01-30 18:43:15
249,Pemberton,50.3164,-122.8027,37.09,99,100,5.5,overcast clouds,CA,2022-01-30 18:43:15
250,Camacha,33.0833,-16.3333,62.53,82,40,18.41,scattered clouds,PT,2022-01-30 18:43:15
251,Itarema,-2.9248,-39.9167,76.08,84,100,11.12,overcast clouds,BR,2022-01-30 18:43:15
252,San Quintin,30.4833,-115.95,63.46,48,0,6.26,clear sky,MX,2022-01-30 18:43:16
253,Northam,51.0333,-4.2167,48.61,95,98,19.91,overcast clouds,GB,2022-01-30 18:43:16
254,Poum,-20.2333,164.0167,79.72,78,100,8.5,overcast clouds,NC,2022-01-30 18:43:16
255,Nara,34.6851,135.8049,36.97,68,76,2.68,broken clouds,JP,2022-01-30 18:43:17
256,Drumheller,51.4617,-112.7101,38.28,74,95,5.75,overcast clouds,CA,2022-01-30 18:43:17
257,Phan Thiet,10.9333,108.1,74.68,83,100,6.93,overcast clouds,VN,2022-01-30 18:39:54
258,Lagoa Santa,-19.6272,-43.8897,81.57,70,40,3.44,light rain,BR,2022-01-30 18:43:17
259,Sinnamary,5.3833,-52.95,79.86,78,30,10.16,scattered clouds,GF,2022-01-30 18:43:18
260,Friedeburg,53.45,7.8333,41.14,68,75,6.91,broken clouds,DE,2022-01-30 18:43:18
261,Tiksi,71.6872,128.8694,-17.66,100,97,4.5,overcast clouds,RU,2022-01-30 18:40:33
262,Graaff-Reinet,-32.2522,24.5308,82.92,46,88,6.06,overcast clouds,ZA,2022-01-30 18:43:18
263,Klerksdorp,-26.8521,26.6667,65.07,79,100,6.35,overcast clouds,ZA,2022-01-30 18:43:19
264,Mahebourg,-20.4081,57.7,80.89,83,75,8.05,broken clouds,MU,2022-01-30 18:43:19
265,Parana,-31.732,-60.5238,92.57,30,0,4.72,clear sky,AR,2022-01-30 18:43:19
266,Saint-Francois,46.4154,3.9054,42.67,86,100,3.44,overcast clouds,FR,2022-01-30 18:43:19
267,Kayes,14.0,-11.0,91.53,9,63,8.21,broken clouds,ML,2022-01-30 18:43:20
268,Ayr,55.4627,-4.6339,45.48,87,75,31.07,moderate rain,GB,2022-01-30 18:40:31
269,Kununurra,-15.7667,128.7333,80.58,78,100,10.36,overcast clouds,AU,2022-01-30 18:43:20
270,Coquimbo,-29.9533,-71.3436,67.96,73,35,10.07,scattered clouds,CL,2022-01-30 18:41:54
271,Vostok,46.4856,135.8833,-21.75,99,63,3.65,broken clouds,RU,2022-01-30 18:43:20
272,Puerto Colombia,10.9878,-74.9547,87.89,69,100,17.18,overcast clouds,CO,2022-01-30 18:43:21
273,Lagoa,39.05,-27.9833,57.78,68,36,23.47,scattered clouds,PT,2022-01-30 18:43:21
274,Lebu,-37.6167,-73.65,62.85,62,2,17.45,clear sky,CL,2022-01-30 18:43:21
275,Lucapa,-8.4192,20.7447,66.6,93,99,3.09,light rain,AO,2022-01-30 18:43:22
276,Hay River,60.8156,-115.7999,-7.62,77,100,8.05,light snow,CA,2022-01-30 18:43:22
277,Phuket,8.0,98.25,86.09,94,20,0.0,few clouds,TH,2022-01-30 18:42:46
278,Redcar,54.6166,-1.06,43.54,65,100,14.0,light rain,GB,2022-01-30 18:43:22
279,Narsaq,60.9167,-46.05,12.42,63,100,10.45,light snow,GL,2022-01-30 18:43:23
280,Quatre Cocos,-20.2078,57.7625,80.71,83,100,18.92,light rain,MU,2022-01-30 18:44:23
281,Colares,38.7992,-9.4469,59.29,50,0,5.01,clear sky,PT,2022-01-30 18:44:23
282,Bac Lieu,9.285,105.7244,75.85,85,78,7.09,broken clouds,VN,2022-01-30 18:44:23
283,West Bay,19.3667,-81.4167,74.07,61,75,3.0,broken clouds,KY,2022-01-30 18:44:24
284,Dungarpur,23.8333,73.7167,63.0,34,0,7.23,clear sky,IN,2022-01-30 18:44:24
285,Guatavita,4.9366,-73.8331,65.91,36,44,5.17,scattered clouds,CO,2022-01-30 18:44:24
286,Bathsheba,13.2167,-59.5167,84.81,65,40,18.41,scattered clouds,BB,2022-01-30 18:44:25
287,Lazaro Cardenas,17.9583,-102.2,83.25,52,0,7.52,clear sky,MX,2022-01-30 18:44:25
288,Nemuro,43.3236,145.575,16.12,68,21,14.32,few clouds,JP,2022-01-30 18:44:25
289,Finschhafen,-6.6024,147.8681,80.37,82,100,3.33,overcast clouds,PG,2022-01-30 18:44:26
290,Avera,33.194,-82.5271,56.75,34,4,17.05,clear sky,US,2022-01-30 18:44:26
291,Klaksvik,62.2266,-6.589,38.32,92,100,17.34,overcast clouds,FO,2022-01-30 18:44:26
292,Margate,51.3813,1.3862,42.66,78,100,4.0,overcast clouds,GB,2022-01-30 18:44:27
293,Talnakh,69.4865,88.3972,-13.4,97,76,8.88,broken clouds,RU,2022-01-30 18:44:27
294,Alofi,-19.0595,-169.9187,73.29,94,100,2.3,overcast clouds,NU,2022-01-30 18:44:27
295,Thompson,55.7435,-97.8558,3.36,78,20,4.61,few clouds,CA,2022-01-30 18:42:03
296,San Juan,-31.5375,-68.5364,94.21,24,4,9.91,clear sky,AR,2022-01-30 18:44:28
297,Porto Novo,6.4965,2.6036,84.02,61,81,6.08,broken clouds,BJ,2022-01-30 18:44:28
298,Port Macquarie,-31.4333,152.9167,69.89,91,20,2.59,few clouds,AU,2022-01-30 18:41:28
299,Nishihara,26.1842,127.7558,58.28,55,75,26.46,broken clouds,JP,2022-01-30 18:44:28
300,Raudeberg,61.9875,5.1352,33.4,80,99,7.67,overcast clouds,NO,2022-01-30 18:44:28
301,Florianopolis,-27.6146,-48.5012,78.62,54,75,3.0,broken clouds,BR,2022-01-30 18:44:29
302,Podyuga,61.095,40.8647,9.54,97,100,6.17,overcast clouds,RU,2022-01-30 18:44:29
303,Verkhnevilyuysk,63.4453,120.3167,-23.42,99,44,4.12,scattered clouds,RU,2022-01-30 18:44:29
304,Yulara,-25.2406,130.9889,73.24,100,100,13.8,moderate rain,AU,2022-01-30 18:44:30
305,Birjand,32.8663,59.2211,32.47,23,0,6.91,clear sky,IR,2022-01-30 18:44:30
306,Sistranda,63.7256,8.834,34.9,53,100,6.89,overcast clouds,NO,2022-01-30 18:44:30
307,Arbagar,51.9438,116.2805,-23.58,100,45,1.05,scattered clouds,RU,2022-01-30 18:44:31
308,Sao Filipe,14.8961,-24.4956,72.27,70,100,14.45,overcast clouds,CV,2022-01-30 18:44:31
309,Batasan,12.7667,120.7833,79.03,77,84,3.06,broken clouds,PH,2022-01-30 18:44:31
310,Pinega,64.7001,43.3936,10.42,96,100,5.28,overcast clouds,RU,2022-01-30 18:44:31
311,Ancud,-41.8697,-73.8203,63.43,57,55,11.39,broken clouds,CL,2022-01-30 18:44:32
312,Sur,22.5667,59.5289,71.92,66,0,0.69,clear sky,OM,2022-01-30 18:44:32
313,Chongwe,-15.3292,28.682,64.4,97,100,2.71,overcast clouds,ZM,2022-01-30 18:44:32
314,Kisoro,-1.2854,29.685,62.83,66,99,1.23,overcast clouds,UG,2022-01-30 18:44:33
315,Vardo,70.3705,31.1107,28.15,86,75,19.57,broken clouds,NO,2022-01-30 18:44:33
316,Paamiut,61.994,-49.6678,9.79,73,100,8.46,overcast clouds,GL,2022-01-30 18:44:33
317,Havre-Saint-Pierre,50.2334,-63.5986,10.99,85,100,16.11,overcast clouds,CA,2022-01-30 18:44:34
318,Daru,-9.0763,143.2092,75.79,89,100,7.29,overcast clouds,PG,2022-01-30 18:44:34
319,Calatayud,41.3535,-1.6432,54.18,36,0,2.15,clear sky,ES,2022-01-30 18:44:34
320,Guerrero Negro,27.9769,-114.0611,64.92,55,97,13.78,overcast clouds,MX,2022-01-30 18:44:35
321,Jalu,29.0331,21.5482,55.0,60,31,16.06,scattered clouds,LY,2022-01-30 18:44:35
322,Brigantine,39.4101,-74.3646,28.04,35,0,11.5,clear sky,US,2022-01-30 18:44:35
323,Kamenka,51.3223,42.7678,23.76,94,100,13.13,overcast clouds,RU,2022-01-30 18:44:35
324,Seminole,28.7086,-81.2081,57.02,28,0,3.0,clear sky,US,2022-01-30 18:44:36
325,Wewak,-3.5534,143.6268,76.26,90,100,11.81,overcast clouds,PG,2022-01-30 18:44:36
326,Creston,41.0586,-94.3614,30.52,100,20,3.44,few clouds,US,2022-01-30 18:45:36
327,Laguna,38.421,-121.4238,61.65,70,0,3.0,clear sky,US,2022-01-30 18:45:37
328,Manzil Salim,35.8567,8.4765,53.6,42,0,3.31,clear sky,TN,2022-01-30 18:45:37
329,La Serena,-29.9078,-71.2542,70.12,66,43,9.1,scattered clouds,CL,2022-01-30 18:41:54
330,La Ronge,55.1001,-105.2842,12.45,85,100,9.22,overcast clouds,CA,2022-01-30 18:45:37
331,Pandan,14.0453,124.1694,76.71,89,9,8.43,clear sky,PH,2022-01-30 18:45:38
332,Hambantota,6.1241,81.1185,77.34,100,20,1.14,few clouds,LK,2022-01-30 18:45:38
333,Puerto Escondido,15.85,-97.0667,83.77,52,0,7.76,clear sky,MX,2022-01-30 18:45:38
334,Kisangani,0.5167,25.2,76.03,39,99,0.63,overcast clouds,CD,2022-01-30 18:45:39
335,Balikpapan,-1.2675,116.8289,77.99,94,20,4.61,few clouds,ID,2022-01-30 18:45:39
336,Altay,47.8667,88.1167,3.36,54,32,7.45,scattered clouds,CN,2022-01-30 18:45:39
337,Sao Joao Da Barra,-21.6403,-41.0511,87.89,78,18,9.84,few clouds,BR,2022-01-30 18:42:15
338,Bundaberg,-24.85,152.35,71.89,97,31,5.75,scattered clouds,AU,2022-01-30 18:45:40
339,Kencong,-8.2833,113.3667,75.88,91,100,2.42,overcast clouds,ID,2022-01-30 18:45:40
340,Sandwick,60.0,-1.25,39.02,87,75,21.85,broken clouds,GB,2022-01-30 18:45:40
341,Garden City,42.3256,-83.331,27.0,70,75,0.0,haze,US,2022-01-30 18:42:32
342,Lompoc,34.6391,-120.4579,73.13,43,0,3.0,clear sky,US,2022-01-30 18:45:41
343,Zadar,44.1197,15.2422,44.65,93,0,3.44,clear sky,HR,2022-01-30 18:45:41
344,Kulhudhuffushi,6.6221,73.07,80.73,77,27,9.35,scattered clouds,MV,2022-01-30 18:45:41
345,Aksarka,66.5606,67.7975,-1.62,97,98,5.3,overcast clouds,RU,2022-01-30 18:45:42
346,Sept-Iles,50.2001,-66.3821,9.12,64,75,11.99,broken clouds,CA,2022-01-30 18:45:26
347,Mangai,-4.05,19.5333,79.57,64,100,1.21,overcast clouds,CD,2022-01-30 18:45:42
348,Banda Aceh,5.5577,95.3222,76.6,83,64,6.98,broken clouds,ID,2022-01-30 18:45:42
349,Wadi Musa,30.3222,35.4793,42.48,52,0,1.32,clear sky,JO,2022-01-30 18:45:43
350,Santa Maria,-29.6842,-53.8069,83.5,61,20,9.22,few clouds,BR,2022-01-30 18:45:43
351,Quimper,48.0,-4.1,49.6,93,100,5.75,mist,FR,2022-01-30 18:45:43
352,Timra,62.487,17.3257,31.68,84,12,10.36,few clouds,SE,2022-01-30 18:45:44
353,Stettler,52.3168,-112.7186,37.24,79,84,4.76,broken clouds,CA,2022-01-30 18:45:44
354,Namibe,-15.1961,12.1522,73.22,73,100,6.31,overcast clouds,AO,2022-01-30 18:43:16
355,Airai,-8.9266,125.4092,61.18,94,96,4.0,overcast clouds,TL,2022-01-30 18:45:44
356,Flinders,-34.5833,150.8552,70.38,85,46,3.02,scattered clouds,AU,2022-01-30 18:45:45
357,Malente,54.1712,10.5552,42.12,70,78,14.94,broken clouds,DE,2022-01-30 18:45:45
358,Abu Zabad,12.35,29.25,66.61,13,6,11.99,clear sky,SD,2022-01-30 18:42:07
359,Svetlogorsk,52.6333,29.7333,31.5,96,100,9.84,overcast clouds,BY,2022-01-30 18:45:45
360,Nizwa,22.9333,57.5333,70.32,36,0,1.1,clear sky,OM,2022-01-30 18:45:46
361,Grindavik,63.8424,-22.4338,24.75,93,75,36.82,light shower snow,IS,2022-01-30 18:45:46
362,Axim,4.8699,-2.2405,80.37,77,100,8.68,overcast clouds,GH,2022-01-30 18:45:46
363,Novikovo,51.1537,37.8879,30.31,93,100,14.56,light snow,RU,2022-01-30 18:45:47
364,Husavik,66.0449,-17.3389,28.31,70,24,25.1,few clouds,IS,2022-01-30 18:45:47
365,Saldanha,-33.0117,17.9442,77.05,89,100,15.46,overcast clouds,ZA,2022-01-30 18:45:47
366,Talas,38.6908,35.5538,21.87,86,75,4.61,broken clouds,TR,2022-01-30 18:45:47
367,Karratha,-20.7377,116.8463,82.69,62,47,21.56,scattered clouds,AU,2022-01-30 18:45:48
368,Coihaique,-45.5752,-72.0662,57.81,44,40,8.05,scattered clouds,CL,2022-01-30 18:45:48
369,Waingapu,-9.6567,120.2641,79.34,80,100,9.93,overcast clouds,ID,2022-01-30 18:45:49
370,Maku,39.2911,44.4521,15.6,83,26,8.34,scattered clouds,IR,2022-01-30 18:45:49
371,Pauini,-7.7136,-66.9764,82.29,78,75,1.88,broken clouds,BR,2022-01-30 18:45:49
372,Constitucion,-35.3333,-72.4167,69.96,63,4,19.62,clear sky,CL,2022-01-30 18:46:49
373,Meulaboh,4.1363,96.1285,77.54,83,99,2.48,overcast clouds,ID,2022-01-30 18:46:50
374,Tolaga Bay,-38.3667,178.3,64.53,81,56,6.35,broken clouds,NZ,2022-01-30 18:46:50
375,Nisia Floresta,-6.0911,-35.2086,88.18,62,19,13.04,few clouds,BR,2022-01-30 18:46:51
376,Sheridan,44.8333,-106.9173,50.18,35,0,1.99,clear sky,US,2022-01-30 18:46:32
377,Pisco,-13.7,-76.2167,73.45,68,0,10.36,clear sky,PE,2022-01-30 18:46:51
378,Colon,9.3592,-79.9014,90.25,52,4,13.15,clear sky,PA,2022-01-30 18:46:51
379,Rawson,-43.3002,-65.1023,61.29,40,63,16.62,broken clouds,AR,2022-01-30 18:46:52
380,Anloga,5.7947,0.8973,84.42,58,100,11.18,overcast clouds,GH,2022-01-30 18:46:52
381,Pacific Grove,36.6177,-121.9166,66.63,56,0,4.0,clear sky,US,2022-01-30 18:45:47
382,Saint-Augustin,51.226,-58.6502,29.21,96,100,21.88,snow,CA,2022-01-30 18:46:53
383,Naifaru,5.4444,73.3657,81.45,77,49,14.38,scattered clouds,MV,2022-01-30 18:46:53
384,Diamantino,-14.4086,-56.4461,74.77,91,100,7.92,overcast clouds,BR,2022-01-30 18:46:53
385,Danilovka,50.3557,44.1168,22.96,93,100,10.85,overcast clouds,RU,2022-01-30 18:46:54
386,Kaputa,-8.4689,29.6619,67.28,90,100,2.04,overcast clouds,ZM,2022-01-30 18:46:54
387,Santiago Del Estero,-27.7951,-64.2615,96.15,22,0,4.47,clear sky,AR,2022-01-30 18:46:54
388,Lodi,38.1302,-121.2725,59.65,74,0,1.99,clear sky,US,2022-01-30 18:46:55
389,Longyearbyen,78.2186,15.6401,8.44,66,0,24.16,clear sky,SJ,2022-01-30 18:45:48
390,Nova Granada,-20.5339,-49.3142,73.65,86,100,10.47,overcast clouds,BR,2022-01-30 18:45:05
391,Amantea,39.1332,16.0746,53.55,77,17,5.91,few clouds,IT,2022-01-30 18:46:55
392,Balkanabat,39.5108,54.3671,45.77,48,85,8.66,overcast clouds,TM,2022-01-30 18:46:56
393,Goroka,-6.0834,145.3873,61.14,98,100,2.64,overcast clouds,PG,2022-01-30 18:46:56
394,Ahipara,-35.1667,173.1667,62.91,88,100,8.84,overcast clouds,NZ,2022-01-30 18:45:49
395,Veraval,20.9,70.3667,67.57,62,0,10.16,clear sky,IN,2022-01-30 18:46:56
396,Malindi,-3.2175,40.1191,80.76,78,20,8.05,few clouds,KE,2022-01-30 18:46:57
397,Komsomolskiy,40.4272,71.7189,35.02,86,100,4.61,mist,UZ,2022-01-30 18:46:57
398,Simbahan,6.3032,120.5836,81.05,77,30,8.81,scattered clouds,PH,2022-01-30 18:46:57
399,Sri Aman,1.2376,111.4621,78.85,94,100,0.0,overcast clouds,MY,2022-01-30 18:46:58
400,Codrington,-38.2667,141.9667,61.65,98,46,6.53,scattered clouds,AU,2022-01-30 18:46:58
401,Worland,44.0169,-107.9554,43.95,68,0,3.44,clear sky,US,2022-01-30 18:46:59
402,Camacupa,-12.0167,17.4833,62.4,91,100,4.65,overcast clouds,AO,2022-01-30 18:46:59
403,Alice Springs,-23.7,133.8833,72.95,100,100,8.05,overcast clouds,AU,2022-01-30 18:45:10
404,Zheleznodorozhnyy,55.7503,38.0042,25.32,95,100,11.63,snow,RU,2022-01-30 18:43:26
405,Ilulissat,69.2167,-51.1,8.62,66,75,17.27,light shower snow,GL,2022-01-30 18:46:59
406,Oshnaviyeh,37.0397,45.0983,23.25,88,48,8.57,scattered clouds,IR,2022-01-30 18:47:00
407,Tanete,-3.9443,119.7848,75.15,90,100,2.57,overcast clouds,ID,2022-01-30 18:47:00
408,Camopi,3.1655,-52.3158,79.79,82,39,4.43,scattered clouds,GF,2022-01-30 18:47:01
409,Oranjemund,-28.55,16.4333,68.41,78,99,3.65,overcast clouds,NA,2022-01-30 18:47:01
410,Agua Verde,22.9,-106.05,76.12,58,100,6.58,overcast clouds,MX,2022-01-30 18:47:01
411,Dzaoudzi,-12.7887,45.2699,82.29,78,0,6.91,clear sky,YT,2022-01-30 18:47:02
412,Zaysan,47.4667,84.8667,6.44,90,100,1.21,overcast clouds,KZ,2022-01-30 18:47:02
413,La Macarena,2.1837,-73.7849,94.23,30,56,7.99,broken clouds,CO,2022-01-30 18:47:02
414,Srednekolymsk,67.45,153.6833,-23.66,99,100,4.74,overcast clouds,RU,2022-01-30 18:43:22
415,Conde,-7.2597,-34.9075,87.26,58,40,16.11,scattered clouds,BR,2022-01-30 18:45:00
416,Havoysund,70.9963,24.6622,32.23,67,94,13.91,overcast clouds,NO,2022-01-30 18:48:03
417,Dunedin,-45.8742,170.5036,61.81,88,0,5.99,clear sky,NZ,2022-01-30 18:47:38
418,Pamanukan,-6.2842,107.8106,76.39,92,100,5.08,overcast clouds,ID,2022-01-30 18:48:03
419,Tazovskiy,67.4667,78.7,-11.63,99,98,8.23,overcast clouds,RU,2022-01-30 18:48:03
420,Sangar,63.9242,127.4739,-35.01,99,32,2.51,scattered clouds,RU,2022-01-30 18:48:04
421,Taoudenni,22.6783,-3.9836,78.1,13,98,14.27,overcast clouds,ML,2022-01-30 18:48:04
422,Orlik,52.5178,99.825,-25.02,95,54,2.35,broken clouds,RU,2022-01-30 18:48:04
423,Sokolo,14.7328,-6.1219,84.38,11,9,9.04,clear sky,ML,2022-01-30 18:48:05
424,Teseney,15.11,36.6575,75.85,41,5,10.63,clear sky,ER,2022-01-30 18:48:05
425,Robat Karim,35.4846,51.0829,42.66,41,0,6.91,clear sky,IR,2022-01-30 18:48:05
426,Balarampur,23.1167,86.2167,59.52,40,100,3.76,overcast clouds,IN,2022-01-30 18:48:06
427,Umm Lajj,25.0213,37.2685,66.33,59,100,10.6,overcast clouds,SA,2022-01-30 18:48:06
428,Maningrida,-12.0667,134.2667,78.94,87,100,12.73,light rain,AU,2022-01-30 18:48:06
429,Vila Velha,-20.3297,-40.2925,84.15,65,75,10.36,thunderstorm,BR,2022-01-30 18:43:18
430,Kahului,20.8947,-156.47,75.85,69,0,0.0,clear sky,US,2022-01-30 18:48:07
431,Mount Pleasant,32.7941,-79.8626,53.11,34,0,1.01,clear sky,US,2022-01-30 18:46:08
432,Jingdezhen,29.2947,117.2079,34.09,91,31,3.15,scattered clouds,CN,2022-01-30 18:48:07
433,Zwedru,6.0667,-8.1281,82.11,25,100,2.48,overcast clouds,LR,2022-01-30 18:48:07
434,Fallon,39.4735,-118.7774,45.91,42,0,0.0,clear sky,US,2022-01-30 18:48:08
435,Tiznit,29.5833,-9.5,65.21,22,100,16.84,overcast clouds,MA,2022-01-30 18:48:08
436,Padang,-0.9492,100.3543,75.25,91,100,2.77,overcast clouds,ID,2022-01-30 18:48:09
437,Paita,-5.0892,-81.1144,84.76,69,85,10.89,overcast clouds,PE,2022-01-30 18:48:09
438,Saint-Georges,12.0564,-61.7485,83.88,70,20,24.16,few clouds,GD,2022-01-30 18:48:09
439,Chicama,-7.8447,-79.1469,68.54,59,100,11.99,overcast clouds,PE,2022-01-30 18:48:09
440,Jishu,44.3167,126.8,-5.8,100,25,3.24,scattered clouds,CN,2022-01-30 18:48:10
441,Yakeshi,49.2833,120.7333,-29.2,100,88,2.24,overcast clouds,CN,2022-01-30 18:48:10
442,Talitsy,56.5289,42.3344,24.19,95,100,7.2,overcast clouds,RU,2022-01-30 18:48:10
443,Am Timan,11.0297,20.2827,79.23,15,4,4.7,clear sky,TD,2022-01-30 18:48:11
444,Beysehir,37.6773,31.7246,35.28,99,100,5.86,light snow,TR,2022-01-30 18:48:11
445,Mantua,45.1667,10.7833,48.49,86,0,3.0,clear sky,IT,2022-01-30 18:48:11
446,Budisov Nad Budisovkou,49.7951,17.6297,37.98,68,64,24.0,broken clouds,CZ,2022-01-30 18:48:12
447,Iqaluit,63.7506,-68.5145,-11.47,70,75,6.91,broken clouds,CA,2022-01-30 18:48:12
448,Bonthe,7.5264,-12.505,80.42,73,13,10.85,few clouds,SL,2022-01-30 18:48:12
449,Lamu,-2.2717,40.902,77.54,81,90,13.15,overcast clouds,KE,2022-01-30 18:48:12
450,Kudat,6.8837,116.8477,80.53,89,20,2.3,few clouds,MY,2022-01-30 18:48:13
451,Shirokiy,49.758,129.523,-22.32,100,54,4.38,broken clouds,RU,2022-01-30 18:48:13
452,Savinka,50.0785,47.0994,27.79,93,100,10.6,overcast clouds,RU,2022-01-30 18:48:13
453,Yuksekova,37.5736,44.2872,18.23,100,100,1.05,overcast clouds,TR,2022-01-30 18:48:14
454,Minot,48.2325,-101.2963,30.11,68,0,5.75,clear sky,US,2022-01-30 18:48:14
455,Hovd,48.0056,91.6419,-13.11,81,22,2.13,few clouds,MN,2022-01-30 18:48:14
456,Shache,38.4167,77.2406,27.72,43,100,1.07,overcast clouds,CN,2022-01-30 18:48:15
457,Safakulevo,54.9901,62.5442,2.71,97,100,4.21,overcast clouds,RU,2022-01-30 18:48:15
458,Amarante Do Maranhao,-5.5667,-46.7422,79.23,83,100,3.62,overcast clouds,BR,2022-01-30 18:48:15
459,Viedma,-40.8135,-62.9967,65.55,33,100,13.47,overcast clouds,AR,2022-01-30 18:48:16
460,Naze,28.3667,129.4833,52.52,69,100,21.27,overcast clouds,JP,2022-01-30 18:48:16
461,Ramsar,36.9226,50.6426,42.24,87,0,0.0,clear sky,IR,2022-01-30 18:48:16
462,Adrar,20.5022,-10.0711,79.72,11,99,9.28,overcast clouds,MR,2022-01-30 18:48:17
463,Zverinogolovskoye,54.4586,64.8542,9.79,94,100,6.51,overcast clouds,RU,2022-01-30 18:49:17
464,Olafsvik,64.8945,-23.7142,28.96,57,100,37.02,light snow,IS,2022-01-30 18:49:17
465,Falam,22.9167,93.6833,38.34,71,0,4.03,clear sky,MM,2022-01-30 18:49:17
466,Manggar,-2.8833,108.2667,78.49,80,100,5.84,overcast clouds,ID,2022-01-30 18:49:18
467,Batagay-Alyta,67.8006,130.4114,-19.12,95,84,2.35,broken clouds,RU,2022-01-30 18:49:18
468,College,64.8569,-147.8028,-25.35,71,75,0.0,broken clouds,US,2022-01-30 18:45:41
469,Dubbo,-32.25,148.6167,69.93,83,37,10.36,light rain,AU,2022-01-30 18:49:18
470,Isangel,-19.55,169.2667,80.71,89,100,14.97,overcast clouds,VU,2022-01-30 18:49:19
471,Inndyr,67.0338,14.0276,32.04,76,99,7.76,snow,NO,2022-01-30 18:49:19
472,Pakokku,21.3333,95.1,62.71,50,0,3.22,clear sky,MM,2022-01-30 18:49:19
473,Dedza,-14.3779,34.3332,58.1,93,5,1.52,clear sky,MW,2022-01-30 18:49:19
474,Kevsala,45.7983,42.6903,32.94,93,99,8.84,light snow,RU,2022-01-30 18:49:20
475,Bud,39.447,-86.1758,40.12,54,61,11.9,broken clouds,US,2022-01-30 18:47:10
476,Batemans Bay,-35.7167,150.1833,72.19,95,63,2.21,broken clouds,AU,2022-01-30 18:49:20
477,Kijang,35.2442,129.2139,32.83,29,0,4.72,clear sky,KR,2022-01-30 18:49:21
478,Key West,24.5557,-81.7826,60.8,38,0,10.36,clear sky,US,2022-01-30 18:49:21
479,San Pedro,14.35,121.0167,78.31,84,20,2.3,few clouds,PH,2022-01-30 18:49:21
480,Hervey Bay,-25.2986,152.8535,71.71,87,65,8.57,broken clouds,AU,2022-01-30 18:49:21
481,Ayan,56.45,138.1667,0.81,69,100,17.25,overcast clouds,RU,2022-01-30 18:49:22
482,Ereymentau,51.6199,73.1033,11.19,90,45,15.59,scattered clouds,KZ,2022-01-30 18:49:22
483,Galle,6.0367,80.217,77.65,86,29,4.81,scattered clouds,LK,2022-01-30 18:49:22
484,Wagga Wagga,-35.1167,147.3667,68.41,94,40,8.05,scattered clouds,AU,2022-01-30 18:49:23
485,Port-Cartier,50.0334,-66.8654,8.82,74,100,15.28,overcast clouds,CA,2022-01-30 18:49:23
486,Chandla,25.0833,80.2,58.1,43,0,3.2,clear sky,IN,2022-01-30 18:49:23
487,Nanuque,-17.8392,-40.3539,89.11,51,90,8.46,overcast clouds,BR,2022-01-30 18:49:24
488,Tomatlan,19.9333,-105.25,87.64,34,2,9.26,clear sky,MX,2022-01-30 18:46:09
489,Damghan,36.1683,54.348,37.02,39,0,3.98,clear sky,IR,2022-01-30 18:49:24
490,Ambulu,-8.345,113.6058,76.57,91,100,2.15,overcast clouds,ID,2022-01-30 18:49:24
491,Santa Cruz De Tenerife,28.4682,-16.2546,68.22,81,40,1.01,scattered clouds,ES,2022-01-30 18:49:25
492,Arlit,18.7369,7.3853,68.79,14,0,19.17,clear sky,NE,2022-01-30 18:49:25
493,Los Llanos De Aridane,28.6585,-17.9182,62.35,84,20,5.75,few clouds,ES,2022-01-30 18:49:25
494,Almaznyy,48.0448,40.045,32.14,93,100,16.4,light snow,RU,2022-01-30 18:49:26
495,Dubovskoye,47.4092,42.7575,31.46,93,100,13.13,overcast clouds,RU,2022-01-30 18:49:26
496,Upington,-28.4478,21.2561,79.18,53,20,14.97,few clouds,ZA,2022-01-30 18:49:26
497,Havelock,34.8791,-76.9013,43.03,35,2,5.99,clear sky,US,2022-01-30 18:49:27
498,Muroto,33.2833,134.15,46.0,62,14,12.59,few clouds,JP,2022-01-30 18:49:27
499,Bend,44.0582,-121.3153,48.45,43,0,8.99,clear sky,US,2022-01-30 18:47:18
500,Lubaczow,50.157,23.1234,37.51,93,100,24.85,overcast clouds,PL,2022-01-30 18:49:27
501,Golfito,8.639,-83.166,86.23,56,25,6.42,scattered clouds,CR,2022-01-30 18:49:28
502,Thanh Hoa,19.8,105.7667,56.88,85,100,7.34,overcast clouds,VN,2022-01-30 18:49:28
503,Palau,7.503,134.621,75.16,94,75,4.61,broken clouds,PW,2022-01-30 18:49:28
504,Honiara,-9.4333,159.95,77.61,86,100,1.36,light rain,SB,2022-01-30 18:49:28
505,Beberibe,-4.1797,-38.1306,87.84,76,100,7.76,overcast clouds,BR,2022-01-30 18:49:29
506,Bairiki,1.3292,172.9752,81.81,78,100,19.3,light rain,KI,2022-01-30 18:49:29
507,Povenets,62.8487,34.8262,17.35,93,100,6.67,light snow,RU,2022-01-30 18:49:29
508,Kungurtug,50.5994,97.5228,-22.23,98,29,1.77,scattered clouds,RU,2022-01-30 18:50:30
509,Pochutla,15.7432,-96.4661,86.83,35,0,8.52,clear sky,MX,2022-01-30 18:50:30
510,Myra,45.4358,12.1348,42.04,80,0,1.14,clear sky,IT,2022-01-30 18:50:30
511,Abu Dhabi,24.4667,54.3667,68.11,70,0,6.91,clear sky,AE,2022-01-30 18:49:25
512,Gamba,-2.65,10.0,78.12,84,100,3.98,overcast clouds,GA,2022-01-30 18:50:30
513,Sisimiut,66.9395,-53.6735,10.58,82,100,17.0,light snow,GL,2022-01-30 18:50:31
514,Sao Felix Do Xingu,-6.6447,-51.995,76.37,80,97,3.02,overcast clouds,BR,2022-01-30 18:50:31
515,Houma,29.5958,-90.7195,66.99,48,0,11.01,clear sky,US,2022-01-30 18:50:31
516,San Patricio,28.017,-97.5169,71.69,48,3,12.44,clear sky,US,2022-01-30 18:50:32
517,Redlands,34.0556,-117.1825,69.93,22,0,1.19,clear sky,US,2022-01-30 18:47:00
518,Puerto Del Rosario,28.5004,-13.8627,65.95,45,20,4.61,few clouds,ES,2022-01-30 18:50:32
519,Saint Anthony,45.0205,-93.218,22.28,66,0,0.0,clear sky,US,2022-01-30 18:46:08
520,Te Anau,-45.4167,167.7167,55.99,92,31,0.45,scattered clouds,NZ,2022-01-30 18:50:33
521,Tura,25.5198,90.2201,52.75,59,5,3.4,clear sky,IN,2022-01-30 18:50:33
522,Mora,11.0461,14.1401,68.38,21,99,7.25,overcast clouds,CM,2022-01-30 18:50:33
523,Cap Malheureux,-19.9842,57.6142,81.09,75,98,3.0,overcast clouds,MU,2022-01-30 18:50:34
524,Wembley,-31.9333,115.8,70.09,70,0,12.66,clear sky,AU,2022-01-30 18:50:34
525,Sergeyevka,53.88,67.4158,7.74,95,100,9.73,light snow,KZ,2022-01-30 18:50:34
526,Fenoarivo,-18.933,47.4354,69.87,78,20,11.5,few clouds,MG,2022-01-30 18:50:35
527,Kuala Terengganu,5.3302,103.1408,75.15,94,20,2.3,few clouds,MY,2022-01-30 18:50:35
528,Ponta Delgada,37.7333,-25.6667,59.5,82,40,14.97,scattered clouds,PT,2022-01-30 18:50:35
529,Ormara,25.2088,64.6357,72.68,79,0,17.11,clear sky,PK,2022-01-30 18:50:36
530,Biak,-0.9131,122.8766,76.24,80,99,5.26,overcast clouds,ID,2022-01-30 18:50:36
531,Hvolsvollur,63.7533,-20.2243,24.82,61,100,22.26,light snow,IS,2022-01-30 18:50:36
532,Bolshaya Sosnova,57.6713,54.6029,2.55,100,98,3.53,snow,RU,2022-01-30 18:50:37
533,Palmer,42.1584,-72.3287,23.77,36,4,5.99,clear sky,US,2022-01-30 18:50:37
534,Katobu,-4.9408,122.5276,77.13,87,100,3.44,moderate rain,ID,2022-01-30 18:50:37
535,Newcastle,-32.9272,151.7765,71.71,95,100,1.99,overcast clouds,AU,2022-01-30 18:50:38
536,Pinheiro Machado,-31.5783,-53.3811,85.68,30,9,9.15,clear sky,BR,2022-01-30 18:50:38
537,Agirish,61.9247,63.0231,-4.74,100,99,1.43,overcast clouds,RU,2022-01-30 18:50:38
538,Ishinomaki,38.4167,141.3,28.65,67,9,18.16,clear sky,JP,2022-01-30 18:50:39
539,Sungaipenuh,-2.0833,101.3833,64.9,98,100,1.61,moderate rain,ID,2022-01-30 18:50:39
540,Lima,-12.0432,-77.0282,74.89,76,40,1.99,scattered clouds,PE,2022-01-30 18:50:39
541,Fez,34.0372,-4.9998,66.31,33,6,6.91,clear sky,MA,2022-01-30 18:50:40
542,Bumba,2.1833,22.4667,77.52,33,99,2.15,overcast clouds,CD,2022-01-30 18:50:40
543,Doka,13.5167,35.7667,77.9,30,8,12.08,clear sky,SD,2022-01-30 18:50:40
544,Michalovce,48.7543,21.9195,41.52,69,96,15.84,light rain,SK,2022-01-30 18:50:40
545,Port Keats,-14.25,129.55,81.19,79,5,20.47,clear sky,AU,2022-01-30 18:50:41
546,Itapora,-22.0799,-54.7874,86.38,56,49,5.3,scattered clouds,BR,2022-01-30 18:50:41
547,Munster,51.9624,7.6257,40.48,78,20,4.61,few clouds,DE,2022-01-30 18:50:41
548,Mahibadhoo,3.7833,72.9667,82.27,74,100,12.55,overcast clouds,MV,2022-01-30 18:50:42
549,Maseru,-29.3167,27.4833,70.86,53,100,7.29,overcast clouds,LS,2022-01-30 18:47:54
550,Agadez,19.75,10.25,61.21,14,0,10.49,clear sky,NE,2022-01-30 18:50:42
551,Inhambane,-23.865,35.3833,77.0,78,20,5.01,few clouds,MZ,2022-01-30 18:50:42
552,Basco,20.4487,121.9702,70.84,77,98,33.13,overcast clouds,PH,2022-01-30 18:50:43
553,Amarastii De Jos,43.95,24.1667,44.28,66,14,21.7,few clouds,RO,2022-01-30 18:50:43
554,Souillac,-20.5167,57.5167,80.98,83,75,8.05,light rain,MU,2022-01-30 18:51:43
555,Chimbote,-9.0853,-78.5783,75.31,72,99,11.86,overcast clouds,PE,2022-01-30 18:47:12
556,Vilhena,-12.7406,-60.1458,73.62,94,75,12.66,broken clouds,BR,2022-01-30 18:51:44
557,Okahandja,-21.9833,16.9167,77.83,81,100,11.43,moderate rain,NA,2022-01-30 18:51:44
558,San Antero,9.3741,-75.7589,85.62,65,54,12.59,broken clouds,CO,2022-01-30 18:51:44
559,Kudahuvadhoo,2.6708,72.8944,81.93,74,96,11.9,overcast clouds,MV,2022-01-30 18:51:45
560,Otradnoye,59.7775,30.8181,30.87,96,100,7.31,snow,RU,2022-01-30 18:51:45
561,Le Port,-20.9373,55.2919,80.6,78,45,1.36,scattered clouds,RE,2022-01-30 18:51:45
562,Ginir,7.1333,40.7,60.12,18,68,5.99,broken clouds,ET,2022-01-30 18:51:46
563,Delitzsch,51.5333,12.35,42.35,60,75,17.27,broken clouds,DE,2022-01-30 18:51:46
564,Namuac,18.6109,121.1657,72.48,85,95,16.58,overcast clouds,PH,2022-01-30 18:51:46
565,Ardakan,32.31,54.0175,43.18,27,6,2.08,clear sky,IR,2022-01-30 18:51:47
566,Sioux Lookout,50.1001,-91.917,3.58,85,100,4.61,overcast clouds,CA,2022-01-30 18:51:47
567,Sao Jose Da Coroa Grande,-8.8978,-35.1478,82.56,71,100,8.88,overcast clouds,BR,2022-01-30 18:51:47
568,Ndioum,16.5129,-14.6471,93.09,10,100,4.76,overcast clouds,SN,2022-01-30 18:49:42
569,Port Hardy,50.6996,-127.4199,41.18,93,100,6.91,light rain,CA,2022-01-30 18:51:48
570,Shu,43.5983,73.7614,30.76,81,8,2.98,clear sky,KZ,2022-01-30 18:51:48
571,Shelopugino,51.6514,117.5599,-22.56,100,21,2.26,few clouds,RU,2022-01-30 18:51:48
572,Port-Gentil,-0.7193,8.7815,82.36,83,40,8.05,scattered clouds,GA,2022-01-30 18:51:49
573,Kapiri Mposhi,-13.9652,28.6809,62.92,98,100,3.0,overcast clouds,ZM,2022-01-30 18:51:49
574,Ahuimanu,21.4447,-157.8378,78.37,68,40,3.0,scattered clouds,US,2022-01-30 18:51:49
575,Korba,22.35,82.6833,58.77,31,20,4.41,few clouds,IN,2022-01-30 18:51:50
576,Maputo,-25.9653,32.5892,75.22,90,40,1.01,scattered clouds,MZ,2022-01-30 18:48:40
577,Turukhansk,65.8167,87.9833,0.12,95,97,8.55,overcast clouds,RU,2022-01-30 18:51:50
578,Bandarbeyla,9.4942,50.8122,75.94,73,98,15.55,overcast clouds,SO,2022-01-30 18:51:50
579,General Roca,-39.0333,-67.5833,81.0,17,4,27.6,clear sky,AR,2022-01-30 18:51:51
580,Astoria,46.1879,-123.8313,51.85,90,100,5.99,overcast clouds,US,2022-01-30 18:51:51
581,Caravelas,-17.7125,-39.2481,84.96,67,37,13.06,scattered clouds,BR,2022-01-30 18:51:51
582,Nanortalik,60.1432,-45.2371,18.72,68,100,13.09,light snow,GL,2022-01-30 18:51:52
583,Half Moon Bay,37.4636,-122.4286,61.9,79,75,1.99,haze,US,2022-01-30 18:51:52
584,Vineland,39.4862,-75.0257,28.06,46,0,13.8,clear sky,US,2022-01-30 18:51:52
585,Stokmarknes,68.5646,14.9108,26.58,86,75,4.61,light snow,NO,2022-01-30 18:51:53
586,Natal,-5.795,-35.2094,88.02,66,40,6.91,scattered clouds,BR,2022-01-30 18:51:53
587,Oussouye,12.485,-16.5469,93.38,60,89,10.33,overcast clouds,SN,2022-01-30 18:51:53
588,Bani,18.2833,-70.3333,87.24,54,7,10.85,clear sky,DO,2022-01-30 18:49:12
589,Aitape,-3.1374,142.3475,76.75,89,100,11.07,overcast clouds,PG,2022-01-30 18:51:54
590,Guane,22.2025,-84.0875,71.28,39,2,8.88,clear sky,CU,2022-01-30 18:51:54
591,Xining,36.6167,101.7667,8.98,71,3,1.72,clear sky,CN,2022-01-30 18:51:55
592,Katrineholm,58.9959,16.2072,36.03,62,10,12.84,clear sky,SE,2022-01-30 18:51:55
593,Cuiluan,47.72,128.648,-10.23,100,82,2.42,broken clouds,CN,2022-01-30 18:51:55
594,Kiunga,-6.1219,141.2906,72.18,98,100,0.72,overcast clouds,PG,2022-01-30 18:51:55
595,Jacareacanga,-6.2222,-57.7528,79.65,76,96,4.59,overcast clouds,BR,2022-01-30 18:51:56
596,Stromness,58.965,-3.296,41.25,92,100,26.91,heavy intensity rain,GB,2022-01-30 18:51:35
597,Praia Da Vitoria,38.7333,-27.0667,59.76,82,40,21.88,scattered clouds,PT,2022-01-30 18:51:56
598,Livingston,55.9029,-3.5226,43.81,88,75,23.02,light rain,GB,2022-01-30 18:51:56
599,Lockhart,28.6194,-81.4426,58.17,27,0,3.0,clear sky,US,2022-01-30 18:51:57
600,Kholodnyy,62.7167,147.95,-12.89,100,100,4.47,overcast clouds,RU,2022-01-30 18:51:57
601,Kaseda,31.4167,130.3167,39.85,60,32,18.45,scattered clouds,JP,2022-01-30 18:52:57
602,Bombay,19.0144,72.8479,75.18,50,0,0.0,smoke,IN,2022-01-30 18:48:15
603,Lukovetskiy,64.2956,41.9211,15.78,95,100,5.01,overcast clouds,RU,2022-01-30 18:52:58
604,Sinop,41.7711,34.8709,28.38,83,100,11.56,overcast clouds,TR,2022-01-30 18:49:51
605,Miraflores,19.2167,-98.8083,67.03,26,1,5.73,clear sky,MX,2022-01-30 18:52:58
606,Acaponeta,22.4964,-105.3594,88.27,24,76,5.19,broken clouds,MX,2022-01-30 18:52:58
607,Farah,32.5,62.5,46.81,48,0,2.55,clear sky,AF,2022-01-30 18:52:59
608,Takoradi,4.8845,-1.7554,80.38,79,100,7.76,overcast clouds,GH,2022-01-30 18:52:59
609,Tabas,33.5959,56.9244,46.27,29,0,1.32,clear sky,IR,2022-01-30 18:52:59
610,Tuy Hoa,13.0833,109.3,73.53,89,47,5.1,scattered clouds,VN,2022-01-30 18:53:00
611,Charlestown,-32.95,151.6667,71.73,94,46,1.99,scattered clouds,AU,2022-01-30 18:49:11
612,Khasan,42.4308,130.6434,19.18,51,0,17.02,clear sky,RU,2022-01-30 18:53:00
613,Gobindpur,22.6333,86.0667,60.39,40,96,1.45,overcast clouds,IN,2022-01-30 18:53:00
614,Visby,57.6409,18.296,33.76,74,75,34.52,broken clouds,SE,2022-01-30 18:53:01
615,Grafton,42.207,-71.6856,23.2,44,0,1.99,clear sky,US,2022-01-30 18:53:01
616,Khalkhal,37.6189,48.5258,14.63,87,76,4.18,broken clouds,IR,2022-01-30 18:53:01
617,Kurayoshi,35.4333,133.8167,35.42,97,99,7.16,overcast clouds,JP,2022-01-30 18:53:01
618,Moron,-34.6534,-58.6198,88.02,49,0,5.99,clear sky,AR,2022-01-30 18:53:02
619,Linxia,35.6003,103.2064,7.54,86,39,3.89,scattered clouds,CN,2022-01-30 18:53:02
620,Nakamura,32.9833,132.9333,34.34,85,6,4.61,clear sky,JP,2022-01-30 18:53:02
621,Petropavlovsk-Kamchatskiy,53.0452,158.6483,14.59,79,75,6.71,broken clouds,RU,2022-01-30 18:53:03
622,Prachuap Khiri Khan,12.2167,99.75,66.65,88,1,4.18,clear sky,TH,2022-01-30 18:53:03
623,Suntar,62.1444,117.6319,-18.85,99,35,3.78,scattered clouds,RU,2022-01-30 18:53:03
624,Hasaki,35.7333,140.8333,30.6,50,100,14.29,overcast clouds,JP,2022-01-30 18:53:04
625,Morgan City,29.6994,-91.2068,66.2,51,0,13.8,clear sky,US,2022-01-30 18:53:04
626,Cayenne,4.9333,-52.3333,82.44,85,100,5.01,light rain,GF,2022-01-30 18:53:04
627,Hailar,49.2,119.7,-23.71,100,62,3.96,broken clouds,CN,2022-01-30 18:53:05
628,Chirongui,-12.9319,45.1483,82.33,69,8,6.2,clear sky,YT,2022-01-30 18:53:05
629,Nsunga,-1.1439,31.3947,65.97,76,100,3.11,light rain,TZ,2022-01-30 18:53:05
630,Sinjar,36.3209,41.8754,41.23,64,78,2.48,broken clouds,IQ,2022-01-30 18:53:05
631,Waitati,-45.75,170.5667,61.81,88,0,3.29,clear sky,NZ,2022-01-30 18:50:09
632,Bay Roberts,47.5999,-53.2648,47.95,89,100,5.01,overcast clouds,CA,2022-01-30 18:53:06
633,Namatanai,-3.6667,152.4333,78.71,81,100,3.22,overcast clouds,PG,2022-01-30 18:53:06
634,Zemio,5.0314,25.1361,74.64,26,100,2.21,overcast clouds,CF,2022-01-30 18:53:07
635,Oyek,52.5861,104.4556,-12.62,100,85,3.58,overcast clouds,RU,2022-01-30 18:53:07
636,Wamba,8.9333,8.6,76.37,12,100,6.13,overcast clouds,NG,2022-01-30 18:53:07
637,Zirandaro,18.45,-100.9833,95.5,28,0,1.54,clear sky,MX,2022-01-30 18:53:08
638,Merauke,-8.4667,140.3333,77.36,85,100,4.92,overcast clouds,ID,2022-01-30 18:53:08
639,Serik,36.9169,31.0989,48.74,92,100,4.56,light rain,TR,2022-01-30 18:53:08
640,Kieta,-6.2167,155.6333,79.11,85,100,5.95,overcast clouds,PG,2022-01-30 18:53:08
641,Sosva,59.1766,61.8558,1.99,98,100,1.52,overcast clouds,RU,2022-01-30 18:53:09
642,San Francisco Del Mar,16.2333,-94.65,80.06,52,1,24.56,clear sky,MX,2022-01-30 18:53:09
643,Bubaque,11.2833,-15.8333,78.1,65,13,15.17,few clouds,GW,2022-01-30 18:53:09
644,Oistins,13.0667,-59.5333,84.29,65,40,18.41,scattered clouds,BB,2022-01-30 18:51:14
645,Pahrump,36.2083,-115.9839,60.06,17,0,1.01,clear sky,US,2022-01-30 18:53:10
646,Zhangjiakou,40.81,114.8794,14.34,55,68,8.23,light snow,CN,2022-01-30 18:53:10
647,Umm Kaddadah,13.6017,26.6876,62.02,14,2,12.62,clear sky,SD,2022-01-30 18:53:11
648,Pringsewu,-5.3582,104.9744,74.82,95,100,1.79,overcast clouds,ID,2022-01-30 18:54:11
649,Batsfjord,70.6345,29.7185,28.18,93,75,17.27,broken clouds,NO,2022-01-30 18:54:11
650,Huilong,31.8111,121.655,39.04,69,0,5.21,clear sky,CN,2022-01-30 18:54:11
651,Carmarthen,51.8555,-4.3054,48.15,90,100,19.39,overcast clouds,GB,2022-01-30 18:54:12
652,Banjar,-8.19,114.9675,82.26,91,100,3.94,overcast clouds,ID,2022-01-30 18:54:12
653,Bonavista,48.6499,-53.1147,39.2,75,100,36.37,overcast clouds,CA,2022-01-30 18:54:12
654,Pooler,32.1155,-81.2471,56.23,27,0,11.5,clear sky,US,2022-01-30 18:54:13
655,Kuytun,54.3419,101.5036,-6.38,99,100,2.66,overcast clouds,RU,2022-01-30 18:54:13
656,Udachnyy,66.4167,112.4,-29.52,100,64,2.48,broken clouds,RU,2022-01-30 18:54:13
657,Sarahan,31.5167,77.8,35.31,55,83,6.04,broken clouds,IN,2022-01-30 18:54:14
658,Erzin,36.9559,36.2,45.12,80,63,6.71,light rain,TR,2022-01-30 18:54:14
659,Rehli,23.6333,79.0833,59.59,35,0,5.17,clear sky,IN,2022-01-30 18:54:14
660,Suez,29.9737,32.5263,55.76,47,6,1.92,clear sky,EG,2022-01-30 18:51:06
661,Vilyuysk,63.7553,121.6247,-24.07,100,84,4.45,broken clouds,RU,2022-01-30 18:54:14
662,Shelburne,44.0787,-80.2041,21.56,68,97,8.72,overcast clouds,CA,2022-01-30 18:54:15
663,Inta,66.0317,60.1659,-0.56,93,100,4.05,overcast clouds,RU,2022-01-30 18:54:15
664,Buchanan,5.8808,-10.0467,84.16,81,95,8.75,overcast clouds,LR,2022-01-30 18:54:15
665,Tilichiki,60.4667,166.1,23.85,79,100,15.75,overcast clouds,RU,2022-01-30 18:54:16
666,Suhbaatar,50.2314,106.2078,-20.78,100,89,1.45,overcast clouds,MN,2022-01-30 18:54:16
667,Rio Grande,-32.035,-52.0986,82.51,56,0,17.34,clear sky,BR,2022-01-30 18:54:16
668,Yumen,40.2833,97.2,15.55,43,100,7.2,overcast clouds,CN,2022-01-30 18:54:17
669,Tessalit,20.1986,1.0114,74.68,14,4,11.59,clear sky,ML,2022-01-30 18:54:17
670,Lodja,-3.4833,23.4333,77.97,56,100,0.49,overcast clouds,CD,2022-01-30 18:54:17
671,Baykit,61.67,96.37,-7.33,99,100,0.58,overcast clouds,RU,2022-01-30 18:54:18
672,Hami,42.8,93.45,23.97,40,100,0.96,overcast clouds,CN,2022-01-30 18:54:18
673,Leh,34.1667,77.5833,9.75,89,100,1.7,overcast clouds,IN,2022-01-30 18:54:18
674,May Pen,17.9645,-77.2451,81.61,59,85,3.69,overcast clouds,JM,2022-01-30 18:49:42
675,Sibolga,1.7427,98.7792,76.32,90,100,2.75,overcast clouds,ID,2022-01-30 18:54:19
676,San Luis,-33.295,-66.3356,93.0,20,1,6.02,clear sky,AR,2022-01-30 18:53:30
677,Gigmoto,13.7796,124.39,76.71,89,21,7.81,few clouds,PH,2022-01-30 18:54:19
678,Thyboron,56.6985,8.2124,39.18,69,100,18.79,overcast clouds,DK,2022-01-30 18:54:19
679,Rio Gallegos,-51.6226,-69.2181,57.25,33,40,33.38,scattered clouds,AR,2022-01-30 18:54:19
680,Figeac,44.75,1.9167,41.38,94,13,3.89,few clouds,FR,2022-01-30 18:54:20
681,Kaspiyskiy,45.3929,47.3707,36.27,77,78,4.74,broken clouds,RU,2022-01-30 18:54:20
682,Ulladulla,-35.35,150.4667,70.77,92,74,2.46,broken clouds,AU,2022-01-30 18:54:20
683,Maldonado,-34.6667,-54.9167,85.23,42,0,10.4,clear sky,UY,2022-01-30 18:54:21
684,Minuwangoda,7.1663,79.9533,78.73,100,0,6.91,clear sky,LK,2022-01-30 18:54:21
685,Ust-Maya,60.4167,134.5333,-32.75,100,98,1.21,overcast clouds,RU,2022-01-30 18:54:21
686,San Jose,37.3394,-121.895,62.53,53,20,0.0,few clouds,US,2022-01-30 18:51:39
687,San Vicente,-26.6167,-54.1333,83.7,40,48,4.56,scattered clouds,AR,2022-01-30 18:54:22
688,La Cruz,23.9167,-106.9,77.13,41,10,6.17,clear sky,MX,2022-01-30 18:54:22
689,Nelson Bay,-32.7167,152.15,72.0,95,62,3.11,broken clouds,AU,2022-01-30 18:54:22
690,Hurghada,27.2574,33.8129,60.84,39,0,8.05,clear sky,EG,2022-01-30 18:51:49
691,Rolla,37.9514,-91.7713,46.15,44,0,7.0,clear sky,US,2022-01-30 18:54:23
692,Aracruz,-19.8203,-40.2733,83.41,48,100,5.35,heavy intensity rain,BR,2022-01-30 18:54:23
693,Soyo,-6.1349,12.3689,79.72,85,100,7.96,overcast clouds,AO,2022-01-30 18:54:23
694,Gbarnga,6.9956,-9.4722,81.39,24,98,2.77,overcast clouds,LR,2022-01-30 18:54:24
695,Kapit,2.0167,112.9333,72.59,100,100,0.6,overcast clouds,MY,2022-01-30 18:54:24
696,Payakumbuh,-0.2202,100.6308,69.64,97,99,1.1,light rain,ID,2022-01-30 18:54:24
697,Capreol,46.706,-80.9225,17.91,64,20,1.99,few clouds,CA,2022-01-30 18:55:25
698,San Cristobal,7.7669,-72.225,69.98,50,99,6.15,overcast clouds,VE,2022-01-30 18:53:19
699,Inuvik,68.3499,-133.7218,5.04,77,100,4.61,light snow,CA,2022-01-30 18:55:25
700,Roald,62.5833,6.1333,34.09,93,75,5.75,broken clouds,NO,2022-01-30 18:55:25
701,Solnechnyy,50.7214,136.6319,-10.3,98,94,2.77,overcast clouds,RU,2022-01-30 18:55:26
702,Plouzane,48.3833,-4.6167,50.09,100,100,5.75,mist,FR,2022-01-30 18:55:26
703,Santa Cruz,-17.8,-63.1667,96.26,34,40,8.05,scattered clouds,BO,2022-01-30 18:55:26
704,Najran,17.4924,44.1277,65.05,26,28,3.24,scattered clouds,SA,2022-01-30 18:55:27
705,Nioro,13.35,-15.75,92.75,11,39,6.44,scattered clouds,GM,2022-01-30 18:55:27
706,Ust-Uda,54.1742,103.0304,-9.33,99,100,1.57,overcast clouds,RU,2022-01-30 18:55:27
707,Kikwit,-5.041,18.8162,76.75,68,100,1.36,overcast clouds,CD,2022-01-30 18:55:28
708,Gananoque,44.3334,-76.1661,17.35,56,89,5.91,overcast clouds,CA,2022-01-30 18:55:28
709,Melioratorov,57.2107,65.6077,1.78,85,20,6.71,few clouds,RU,2022-01-30 18:55:28
710,Lodingen,68.414,15.9951,26.55,92,100,4.68,snow,NO,2022-01-30 18:55:29
711,Mercedes,-34.6515,-59.4307,88.86,25,0,7.65,clear sky,AR,2022-01-30 18:55:29
712,Kirakira,-10.4544,161.9205,80.53,83,100,3.65,moderate rain,SB,2022-01-30 18:55:29
713,Haldibari,26.3333,88.7667,58.21,47,0,3.42,clear sky,IN,2022-01-30 18:55:30
714,Comodoro Rivadavia,-45.8667,-67.5,64.26,17,40,17.27,scattered clouds,AR,2022-01-30 18:55:30
715,Xuddur,4.1213,43.8894,77.09,22,100,10.96,overcast clouds,SO,2022-01-30 18:55:30
716,Jizan,17.3333,42.6667,79.74,72,57,3.83,broken clouds,SA,2022-01-30 18:55:31
717,Ndele,8.4109,20.6473,76.35,18,14,5.08,few clouds,CF,2022-01-30 18:55:31
718,Grand-Santi,4.25,-54.3833,82.85,67,100,4.34,overcast clouds,GF,2022-01-30 18:55:31
719,Burnie,-41.0667,145.9167,61.92,94,42,4.99,scattered clouds,AU,2022-01-30 18:55:31
720,Sambava,-14.2667,50.1667,78.91,86,43,13.69,light rain,MG,2022-01-30 18:55:32
721,Teya,60.3778,92.6267,-5.49,100,100,2.77,overcast clouds,RU,2022-01-30 18:55:32
722,Goderich,43.7501,-81.7165,23.92,68,99,9.22,overcast clouds,CA,2022-01-30 18:50:36
723,Pampierstad,-27.7832,24.6877,69.44,82,98,1.59,light rain,ZA,2022-01-30 18:55:32
724,Atar,20.5169,-13.0499,86.05,19,100,9.22,overcast clouds,MR,2022-01-30 18:55:33
725,Muros,42.7762,-9.0603,56.23,69,0,3.74,clear sky,ES,2022-01-30 18:55:33
726,Selizharovo,56.8519,33.4487,23.81,95,100,8.03,overcast clouds,RU,2022-01-30 18:55:33
727,Fontem,5.4685,9.8818,73.65,27,65,1.9,broken clouds,CM,2022-01-30 18:55:34
